{"count":7,"results":[{"id":2,"name":"Decipher the Layers","description":"Deep in the digital realm, a mysterious organization has hidden a valuable flag within layers of encryption to protect its secrets. Participants find themselves as elite cyber agents tasked with decrypting the concealed flag.\r\nTo progress in their mission, participants must navigate through the digital labyrinth of encryption algorithms, deciphering one layer after another. The journey becomes a race against time, as the organization tightens its digital defenses, throwing increasingly complex encryption methods in the participants' path.\r\nThe storyline builds suspense and excitement as participants strive to unveil the final layer, anticipating the triumphant moment when they decipher the last encryption and reveal the hidden flag. Only those with sharp cryptographic skills and a strategic mindset will emerge victorious in this high-stakes cyber adventure.","max_attempts":0,"value":100,"category":"Layer 3","type":"standard","state":"visible","requirements":null,"connection_info":null,"next_id":null},{"id":3,"name":"Vignette Conundrum","description":"In the digital realm, a clandestine organization has raised the stakes by safeguarding a crucial flag behind the enigmatic Vigen\u00e8re cipher. As elite cyber agents, participants are called upon once again to unravel this cryptic puzzle.\r\n\r\nThe adventure commences with the discovery of a secured message, the key to which lies in the elusive Vigen\u00e8re cipher with the key \"oscngc.\" Participants must skillfully navigate through the complexities of this historical encryption method to reveal the hidden flag.\r\n\r\nAs agents delve into the challenge, they encounter a series of encoded messages, each locked behind the Vigen\u00e8re cipher. The key \"oscngc\" acts as the gateway to decrypting these messages and progressing deeper into the puzzle. The organization, aware of the agents' skills, has intricately woven layers of the Vigen\u00e8re cipher, testing participants' cryptographic prowess.\r\n\r\nSuccess in this challenge demands a keen understanding of the Vigen\u00e8re cipher, the ability to apply the provided key, and strategic decryption techniques. Participants must decipher each message to unveil the underlying layers of the flag.\r\n\r\nWith every successful decryption, participants inch closer to the ultimate revelation of the flag. The storyline weaves an engaging narrative around the Vigen\u00e8re cipher, creating an immersive and challenging experience for participants in their quest to overcome the Vignette Conundrum.","max_attempts":0,"value":30,"category":"Layer 1","type":"standard","state":"visible","requirements":null,"connection_info":null,"next_id":null},{"id":4,"name":"Packet Pursuit","description":"In the digital shadows, a secretive organization has concealed a crucial flag through an encrypted transmission. As elite cyber agents, participants are called upon to intercept and decipher this covert message.\r\n\r\nThe mission unfolds with the revelation that the flag has been subjected to a sophisticated encryption technique. The organization, confident in their security measures, has transmitted the encrypted flag across the network. Participants are equipped with a pcap file, capturing the elusive transmission.\r\n\r\nArmed with their knowledge of cryptography and network analysis, participants delve into the captured data. The challenge lies in unraveling the layers of encryption applied to the flag during transmission. The organization's encryption tactics are formidable, requiring participants to employ a combination of cryptographic skills and astute network analysis.\r\n\r\nAs participants navigate through the captured packets, they encounter a sequence of encrypted messages. Each successfully decrypted layer brings them closer to the ultimate goal: revealing the concealed flag. The organization's encryption layers are cunningly devised, challenging the participants to showcase their expertise in breaking through digital barriers.\r\n\r\nThe success of this challenge hinges on participants' ability to decipher the encrypted transmission within the pcap file, demonstrating their mastery in both cryptography and network forensics. The Ciphered Transmission challenge promises a thrilling exploration of digital encryption and interception in the pursuit of the hidden flag.","max_attempts":0,"value":100,"category":"Layer 3","type":"standard","state":"visible","requirements":null,"connection_info":null,"next_id":null},{"id":6,"name":"Git Conundrum","description":"In the clandestine world of digital manipulation, a covert organization has concealed a critical flag within a Git repository. As elite cyber agents, participants are called upon to unravel the cryptic changes made to a file, leading them to the hidden secrets.\r\n\r\nThe mission begins with the discovery of a Git repository housing a file containing the concealed flag. The organization, well-versed in misdirection, has committed the file with an initial version that includes a seemingly incorrect flag. Unbeknownst to the agents, a subtle alteration has been made in subsequent commits.\r\n\r\nSuccess in this challenge requires a combination of Git expertise and astute file analysis. Agents must scrutinize the contents of the file in each commit, unraveling the alterations and identifying the commit that leads to the correct flag.\r\n\r\nThe Git Conundrum challenge culminates in the triumphant revelation of the authentic flag, marking the participants' success in deciphering the subtle manipulations within the Git repository.","max_attempts":0,"value":60,"category":"Layer 2","type":"standard","state":"visible","requirements":null,"connection_info":null,"next_id":null},{"id":7,"name":"DNS Cipher Hunt","description":"As elite cyber agents, participants are tasked with decoding the concealed message ingeniously hidden within a domain.\r\nThe DNS Cipher Hunt challenge concludes with participants successfully decoding the hidden message within the domain, revealing the concealed flag and showcasing their mastery in uncovering secrets within the intricacies of DNS configurations.\r\n\r\n\r\n\r\n\r\n","max_attempts":0,"value":30,"category":"Layer 1","type":"standard","state":"visible","requirements":null,"connection_info":null,"next_id":null},{"id":8,"name":"Pixel Pursuit","description":"Within the digital canvas of pixels and hues, a covert organization has hidden a vital flag within the intricate patterns of an image. As elite cyber agents, participants are tasked with the challenge of extracting the concealed secrets from the visual realm.\r\n\r\nThe mission commences with the discovery of an image file, seemingly innocuous at first glance. Unbeknownst to the casual observer, the organization has ingeniously embedded a flag within the pixels of the image. Participants must apply their image analysis and steganography skills to unveil the concealed message.\r\n\r\nThe organization, anticipating scrutiny, has employed advanced techniques to subtly weave the flag into the visual tapestry. Success in this challenge hinges on participants' ability to discern the minute alterations within the image, leading them to the encrypted flag concealed within the pixels.\r\n\r\nAs agents scrutinize the digital canvas, they encounter challenges that test their proficiency in image analysis and uncovering hidden content. The Pixel Pursuit challenge demands a meticulous examination of the image, requiring participants to employ steganographic methods to expose the covert message.\r\n\r\nThe challenge concludes with participants successfully extracting the flag from the image, revealing their mastery in decoding hidden secrets within the visual landscape of pixels and colors.","max_attempts":0,"value":30,"category":"Layer 1","type":"standard","state":"visible","requirements":null,"connection_info":null,"next_id":null},{"id":9,"name":"MetaMaze","description":"In the intricate realm of digital data, a covert organization has concealed a pivotal flag within the depths of an image file's metadata. As elite cyber agents, participants are entrusted with the task of decrypting this clandestine message hidden within the unseen layers of information.\r\n\r\nThe mission begins with the discovery of an image file that holds more than meets the eye. The organization, adept at digital concealment, has strategically embedded the flag within the concealed metadata of the image. Participants must leverage their data analysis skills to expose the covert message.\r\n\r\nSuccess in this challenge hinges on participants navigating through the concealed metadata, deciphering the cryptic alterations that lead to the encrypted flag. The organization, aware of the participants' prowess, has left subtle traces within the metadata for astute agents to uncover.\r\n\r\nAs agents delve into the digital data, they encounter challenges that test their proficiency in metadata analysis and decoding obscured information. The Data Dexterity challenge demands meticulous scrutiny of the metadata, requiring participants to unravel the concealed secrets encoded within the unseen layers of the file.\r\n\r\nThe challenge concludes with participants successfully extracting the flag from the metadata, showcasing their expertise in unraveling hidden enigmas within the digital landscape.","max_attempts":0,"value":50,"category":"Bonus","type":"standard","state":"hidden","requirements":null,"connection_info":null,"next_id":null}],"meta":{}}