{"count":6,"results":[{"id":1,"type":"challenge","location":"ab9863ea287fc8cf57da12dfd5f97147/Decipher_the_Layers.txt","challenge_id":2,"page_id":null},{"id":2,"type":"challenge","location":"8d407d53322dfcad058bce60a41adcec/Vignette_Conundrum.txt","challenge_id":3,"page_id":null},{"id":3,"type":"challenge","location":"2a73dcb7f2d12c572b7413cc38caf586/Ciphered_Transmission","challenge_id":4,"page_id":null},{"id":4,"type":"challenge","location":"46eb1a473b3354cbf3ba9cbb3366a8e4/Git_is_Good.zip","challenge_id":6,"page_id":null},{"id":5,"type":"challenge","location":"143340c829937876d9c510fdd0329726/Pixel_Perfection.png","challenge_id":8,"page_id":null},{"id":6,"type":"challenge","location":"ffafbb292921f51d28addda3cc28b3f8/MetaMaze.jpg","challenge_id":9,"page_id":null}],"meta":{}}