{"count":7,"results":[{"id":1,"challenge_id":2,"type":"static","content":"CTF{I_AM_PROUD_OF_YOU}","data":""},{"id":2,"challenge_id":3,"type":"static","content":"CTF{CiphersAreAwesome!}","data":""},{"id":3,"challenge_id":4,"type":"static","content":"flag{AFlagInPCAP}","data":""},{"id":4,"challenge_id":6,"type":"static","content":"CTF{protect_your_git}","data":""},{"id":5,"challenge_id":7,"type":"static","content":"CTF{DNSDecodedSuccess!}","data":""},{"id":6,"challenge_id":8,"type":"static","content":"CTF{PixelPerfection123!}","data":""},{"id":7,"challenge_id":9,"type":"static","content":"flag{3l1t3_3x1f_4uth0r1ty_dud3br0}","data":""}],"meta":{}}